Words,Cluster,Skills
account management,1,Accounting
sox management,1,Accounting
account management experience,1,Accounting
account management licensing,1,Accounting
manage project budget,1,Accounting
administrations accounting,1,Accounting
account management,1,Accounting
administrations accounting,1,Accounting
accountability management,1,Accounting
financial accounting,1,Accounting
transactions accounting,1,Accounting
operational accounting,1,Accounting
accounting 3,1,Accounting
accounting contributing,1,Accounting
accounting experience,1,Accounting
accounting financial,1,Accounting
accounting local,1,Accounting
accounting rules,1,Accounting
analysis accountability,1,Accounting
assistant accountant,1,Accounting
experience account,1,Accounting
experience accounting,1,Accounting
senior financial accountant,1,Accounting
account management experience,1,Accounting
account management licensing,1,Accounting
advanced assistant accountant,1,Accounting
accounting financial control,1,Accounting
accounting financial,1,Accounting
accounting financial control,1,Accounting
risk management,2,Finance
asset management,2,Finance
portfolio management,2,Finance
grc management,2,Finance
management commercial,2,Finance
management economics,2,Finance
management finance,2,Finance
risk management measures,2,Finance
risk management requirements,2,Finance
stock management maintenance,2,Finance
vault management standardization,2,Finance
sox management testing,2,Finance
financial administration,2,Finance
daily financial administration,2,Finance
maintenance financial,2,Finance
financial engineer,2,Finance
financially responsible,2,Finance
financial education,2,Finance
financial reporting,2,Finance
financial analysis,2,Finance
financial monitoring,2,Finance
financial engineer,2,Finance
documentation financial,2,Finance
financial accounting,2,Finance
skills financial,2,Finance
financial administration,2,Finance
financial background,2,Finance
financial calculations,2,Finance
financial controller,2,Finance
financial insight,2,Finance
financial planning,2,Finance
financial reports,2,Finance
maintenance financial,2,Finance
management finance,2,Finance
reporting financial,2,Finance
senior financial accountant,2,Finance
papendrecht financial monitoring,2,Finance
making financial analyzes,2,Finance
clients financial planning,2,Finance
analyzing financial data,2,Finance
independent financial advice,2,Finance
automate financial services,2,Finance
senior financial controller,2,Finance
skills financial insight,2,Finance
profitability financial calculations,2,Finance
daily financial administration,2,Finance
provides financial transactions,2,Finance
comparative financial analysis,2,Finance
financial analysis capabilities,2,Finance
experience financial analysis,2,Finance
make financial analyzes,2,Finance
commercial college education,3,Commercial
relationship management,4,Marketing
network management,4,Marketing
lifecycle management,4,Marketing
marketplace management,4,Marketing
advertising manager,4,Marketing
management brand,4,Marketing
management marketing,4,Marketing
innovative project management,4,Marketing
product project management,4,Marketing
life cycle management,4,Marketing
image care,4,Marketing
marketing communication,4,Marketing
telemarketing representative,4,Marketing
marketing surveillance,4,Marketing
marketing technology,4,Marketing
concrete marketing,4,Marketing
experience marketing,4,Marketing
expert marketing,4,Marketing
integrated marketing,4,Marketing
interactive marketing,4,Marketing
management marketing,4,Marketing
optimizing marketing,4,Marketing
professional education marketing,4,Marketing
market education mbo,4,Marketing
marketing communication,4,Marketing
workforce management,5,HR
operational management,5,HR
contract management,5,HR
personnel management,5,HR
tasks management,5,HR
resource management,5,HR
crisis management,5,HR
management scrum,5,HR
hr manager,5,HR
management activities,5,HR
management advises,5,HR
management affinity,5,HR
management career,5,HR
management companies,5,HR
management department,5,HR
management development,5,HR
management organizational,5,HR
management planning,5,HR
management preparing,5,HR
management specialist,5,HR
management strategies,5,HR
management supervision,5,HR
captain hr manager,5,HR
coordinator service manager,5,HR
management project development,5,HR
program management experience,5,HR
hr service,5,HR
hr knowledge,5,HR
hr finance,5,HR
hr legislation,5,HR
hr manager,5,HR
hr matters,5,HR
hr officer,5,HR
hr process,5,HR
hr processes,5,HR
hr project,5,HR
hr quality,5,HR
hr recruitment,5,HR
hr team,5,HR
captain hr manager,5,HR
specialist hr employees,5,HR
providing hr services,5,HR
hr finance,5,HR
administrative assistant,6,Administration
system administrator,6,Administration
payroll administrator,6,Administration
administrative secretarial,6,Administration
political administrative,6,Administration
administrative sensitivity,6,Administration
administrator associate,6,Administration
teams administrator,6,Administration
po administrator,6,Administration
administration experience,6,Administration
functional administrator,6,Administration
sales administrative,6,Administration
administrative actions,6,Administration
administrative background,6,Administration
administrative employee,6,Administration
administrative environment,6,Administration
administrative experience,6,Administration
administrative experienced,6,Administration
administrative field,6,Administration
administrative handling,6,Administration
administrative position,6,Administration
administrative process,6,Administration
administrative processes,6,Administration
administrative processing,6,Administration
administrative quality,6,Administration
administrative relations,6,Administration
administrative sensitive,6,Administration
administrative services,6,Administration
administrative skills,6,Administration
administrative tasks,6,Administration
administrative work,6,Administration
database administrators,6,Administration
guiding administrations,6,Administration
language administrative,6,Administration
operational administrative,6,Administration
optimize administrative,6,Administration
perform administrative tasks,6,Administration
optimize administrative processes,6,Administration
political administrative sensitivity,6,Administration
administrative experienced type,6,Administration
politics administrative experienced,6,Administration
administrator associate microsoft,6,Administration
project management,7,Management
functional management,7,Management
management experience,7,Management
fleet management,7,Management
program management,7,Management
stakeholder management,7,Management
product management,7,Management
effectiveness management,7,Management
daily management,7,Management
stock management,7,Management
self management,7,Management
change management,7,Management
system management,7,Management
senior management,7,Management
business management,7,Management
management knowledge,7,Management
day management,7,Management
process management,7,Management
managerial experience,7,Management
energy management,7,Management
support management,7,Management
iv management,7,Management
traffic management,7,Management
direct management,7,Management
goods management,7,Management
internal management,7,Management
event management,7,Management
management consulting,7,Management
development management,7,Management
service management,7,Management
mobility management,7,Management
enterprise management,7,Management
management directing,7,Management
space management,7,Management
management livestock,7,Management
configuration management,7,Management
manager informatics,7,Management
affiliate management,7,Management
category management,7,Management
facility management,7,Management
lean management,7,Management
vendor management,7,Management
client management,7,Management
accountability management,7,Management
structural management,7,Management
data management,7,Management
matrix management,7,Management
vault management,7,Management
standards management,7,Management
cycle management,7,Management
enthusiastic management,7,Management
experience manager,7,Management
knowledge management,7,Management
management attending,7,Management
management discipline,7,Management
management domain,7,Management
management entrepreneurship,7,Management
management escalations,7,Management
management experienced,7,Management
management expert,7,Management
management guiding,7,Management
management keeping,7,Management
management leading,7,Management
management licensing,7,Management
management models,7,Management
management skills,7,Management
management spectrum,7,Management
management standardization,7,Management
management techniques,7,Management
management testing,7,Management
management thinking,7,Management
management tooling,7,Management
preparing management,7,Management
project manager,7,Management
service manager,7,Management
building management systems,7,Management
senior project manager,7,Management
project management methodologies,7,Management
fleet management market,7,Management
modern management techniques,7,Management
manager technical specialist,7,Management
leading project manager,7,Management
manager customer portfolio,7,Management
designer project manager,7,Management
senior management role,7,Management
standards management knowledge,7,Management
management career,7,Management
construction management,7,Management
communication management,7,Management
communication advisor,7,Management
legal administrative,8,Law
administrative law,8,Law
financial economical crime,8,Law
financial economic crime,8,Law
detecting financial crime,8,Law
communication management,8,Communication skills
leadership communication,9,Communication Skills
communication management leadership,9,Communication Skills
communication management leadership,9,Communication skills
knit chemistry team,9,Communication skills
knit maintenance team,9,Communication skills
knit chemistry team,9,Communication skills
good communication,9,Communication skills
excellent communication,9,Communication skills
strong communication,9,Communication skills
written communication,9,Communication skills
clear communication,9,Communication skills
verbal communication,9,Communication skills
oral communication,9,Communication skills
developed communication,9,Communication skills
have communication,9,Communication skills
project communication,9,Communication skills
direct communication,9,Communication skills
great communication,9,Communication skills
internal communication,9,Communication skills
communication technology,9,Communication skills
honest communication,9,Communication skills
positive communication,9,Communication skills
efficient communication,9,Communication skills
leadership communication,9,Communication skills
cloud communication,9,Communication skills
communication excellent,9,Communication skills
communication humor,9,Communication skills
communication ict,9,Communication skills
communication process,9,Communication skills
communication skills,9,Communication skills
communication specialist,9,Communication skills
convincing communication,9,Communication skills
informational communication,9,Communication skills
written communication skills,9,Communication skills
verbal communication skills,9,Communication skills
oral communication skills,9,Communication skills
many communication channels,9,Communication skills
resolve communication failure,9,Communication skills
scientific informational communication,9,Communication skills
written communication initiative,9,Communication skills
communication management leadership,9,Communication skills
professional communication skills,9,Communication skills
personal leadership,10,Leadership
natural leadership,10,Leadership
business leadership,10,Leadership
exceptional leadership,10,Leadership
organizational leadership,10,Leadership
exemplary leadership,10,Leadership
situational leadership,10,Leadership
leadership capabilities,10,Leadership
leadership courage,10,Leadership
leadership deep,10,Leadership
leadership experience,10,Leadership
leadership persuasiveness,10,Leadership
leadership qualities,10,Leadership
leadership responsible,10,Leadership
leadership strong,10,Leadership
management leadership,10,Leadership
natural leadership skills,10,Leadership
emea leadership team,10,Leadership
have leadership skills,10,Leadership
situational leadership style,10,Leadership
directive leadership style,10,Leadership
natural leadership style,10,Leadership
demonstrable leadership capabilities,10,Leadership
have leadership qualities,10,Leadership
project leadership experience,10,Leadership
leader manager,10,Leadership
management leadership,10,Leadership
project leader healthcare,10,Leadership
chain management,11,Logistics
management logistics,11,Logistics
infrastructure project manager,11,Logistics
logistical administrative,11,Logistics
administrative logistics,11,Logistics
logistics engineer,11,Logistics
logistics engineer design,11,Logistics
logistics service,11,Logistics
logistics engineer,11,Logistics
logistical administrative,11,Logistics
logistic support,11,Logistics
logistical knowledge,11,Logistics
logistics experience,11,Logistics
logistics coordinator,11,Logistics
administrative logistics,11,Logistics
enthusiastic logistics,11,Logistics
inquisitive logistics,11,Logistics
logistical direction,11,Logistics
logistical insights,11,Logistics
management logistics,11,Logistics
translating logistical,11,Logistics
logistics service providers,11,Logistics
logistics engineer design,11,Logistics
warehouse management,12,Admin Maintenance
supplier management,12,Admin Maintenance
inventory management,12,Admin Maintenance
maintenance management,12,Admin Maintenance
calendar management,12,Admin Maintenance
application management,12,Admin Maintenance
availability management,12,Admin Maintenance
time management,12,Admin Maintenance
park management,12,Admin Maintenance
office365 management,12,Admin Maintenance
warehouse management keeping,12,Admin maintenance
stakeholder management skills,12,Admin maintenance
time management skills,12,Admin maintenance
change management skills,12,Admin maintenance
term experience manager,12,Admin maintenance
office365 administrator,12,Admin maintenance
customer care,12,Admin maintenance
coordinating care,12,Admin maintenance
stock maintenance,12,Admin Maintenance
periodic maintenance,12,Admin Maintenance
cv maintenance,12,Admin Maintenance
customers maintenance,12,Admin Maintenance
maintenance planning,12,Admin Maintenance
park maintenance,12,Admin Maintenance
tenant maintenance,12,Admin Maintenance
maintenance operator,12,Admin Maintenance
maintenance management system,12,Admin Maintenance
stock management maintenance,12,Admin Maintenance
cv mechanic,12,Admin Maintenance
mechanic operator,12,Admin Maintenance
stock maintenance mechanic,12,Admin Maintenance
technical management,13,Engineer
construction management,13,Engineer
water management,13,Engineer
engine management,13,Engineer
engineering experience manager,13,Engineer
service maintenance,13,Engineer
maintenance engineer,13,Engineer
aircraft maintenance,13,Engineer
renovation maintenance,13,Engineer
maintenance management,13,Engineer
independent maintenance,13,Engineer
major maintenance,13,Engineer
planned maintenance,13,Engineer
structural maintenance,13,Engineer
annual maintenance,13,Engineer
minor maintenance,13,Engineer
materials maintenance,13,Engineer
mutation maintenance,13,Engineer
maintenance analysis,13,Engineer
systems maintenance,13,Engineer
preconditions maintenance,13,Engineer
maintenance programming,13,Engineer
maintenance advising,13,Engineer
maintenance assignments,13,Engineer
maintenance expert,13,Engineer
maintenance inspection,13,Engineer
maintenance inspections,13,Engineer
maintenance installation,13,Engineer
maintenance installing,13,Engineer
maintenance manager,13,Engineer
maintenance plans,13,Engineer
maintenance renovation,13,Engineer
maintenance reports,13,Engineer
maintenance resolve,13,Engineer
maintenance supervisor,13,Engineer
maintenance troubleshooting,13,Engineer
maintenance upgrading,13,Engineer
monitoring maintenance,13,Engineer
preparing maintenance,13,Engineer
maintenance engineer at,13,Engineer
service maintenance team,13,Engineer
delamine maintenance team,13,Engineer
renovation maintenance projects,13,Engineer
curative maintenance systems,13,Engineer
preventive maintenance advising,13,Engineer
scheduling preventive maintenance,13,Engineer
technology maintenance engineer,13,Engineer
periodic preventive maintenance,13,Engineer
mechanical engineer,13,Engineer
engineer mechanical,13,Engineer
engineering experience,13,Engineer
electrical engineer,13,Engineer
maintenance engineer,13,Engineer
project engineer,13,Engineer
structural engineer,13,Engineer
support engineer,13,Engineer
planner engineer,13,Engineer
engineering knowledge,13,Engineer
system engineer,13,Engineer
heating engineer,13,Engineer
installation engineer,13,Engineer
assembly engineer,13,Engineer
first engineer,13,Engineer
ventilation engineer,13,Engineer
product engineer,13,Engineer
insulation engineer,13,Engineer
scalability engineer,13,Engineer
estimate engineer,13,Engineer
engineering installation,13,Engineer
automation engineer,13,Engineer
engineering service,13,Engineer
solution engineer,13,Engineer
rd engineer,13,Engineer
security engineer,13,Engineer
transport engineer,13,Engineer
operations engineer,13,Engineer
junior engineer,13,Engineer
engineering education,13,Engineer
lead engineer,13,Engineer
mechanical engineer,13,Engineer
installations engineer,13,Engineer
development engineer,13,Engineer
refrigeration engineer,13,Engineer
engineering intern,13,Engineer
malfunction engineer,13,Engineer
train engineer,13,Engineer
engineering degree,13,Engineer
systems engineer,13,Engineer
data engineer,13,Engineer
devops engineer,13,Engineer
engineering mathematics,13,Engineer
assistance engineers,13,Engineer
automotive engineering,13,Engineer
engineer analytics,13,Engineer
engineer architect,13,Engineer
engineer control,13,Engineer
engineer controls,13,Engineer
engineer data,13,Engineer
engineer electrical,13,Engineer
engineer installing,13,Engineer
engineer mechanical,13,Engineer
engineer mechatronics,13,Engineer
experience engineering,13,Engineer
project engineers,13,Engineer
science engineering,13,Engineer
service engineer,13,Engineer
support engineers,13,Engineer
technology engineer,13,Engineer
work planner engineer,13,Engineer
assembly engineer mechatronics,13,Engineer
protection service engineer,13,Engineer
technical support engineer,13,Engineer
maintenance engineer at,13,Engineer
sprinkler installation engineer,13,Engineer
cost estimate engineer,13,Engineer
allround service engineer,13,Engineer
engineering installation technology,13,Engineer
junior engineer control,13,Engineer
technical service engineer,13,Engineer
engineering experience manager,13,Engineer
engineering technical construction,13,Engineer
test engineer system,13,Engineer
pumps service engineer,13,Engineer
qualified service engineer,13,Engineer
solution engineer analytics,13,Engineer
technology maintenance engineer,13,Engineer
engineering mechanic mechatronics,13,Engineer
agricultural mechanization,13,Engineer
agricultural technology,13,Engineer
installation engineer,13,Engineer
engineering installation,13,Engineer
installations engineer,13,Engineer
sprinkler installation engineer,13,Engineer
engineering installation technology,13,Engineer
car mechanic,14,S.Mechanic
truck mechanic,14,S.Mechanic
chief mechanic,14,S.Mechanic
vehicle mechanic,14,S.Mechanic
aircraft mechanic,14,S.Mechanic
diesel mechanic,14,S.Mechanic
mechanical technician,14,S.Mechanic
mechanical maintenance,14,S.Mechanic
assembly mechanic,14,S.Mechanic
engine mechanic,14,S.Mechanic
mechatronics mechanic,14,S.Mechanic
maintenance mechanical,14,S.Mechanic
maintenance mechanizations,14,S.Mechanic
mechanic automatiseringstechniek,14,S.Mechanic
mechanic beton,14,S.Mechanic
mechanic car,14,S.Mechanic
mechanic mechanical,14,S.Mechanic
mechanic mechatronics,14,S.Mechanic
mechanic metalworking,14,S.Mechanic
mechanic plastic,14,S.Mechanic
mechanic polyester,14,S.Mechanic
technician mechanical,14,S.Mechanic
technician mechanics,14,S.Mechanic
metal technician mechanic,14,S.Mechanic
truck mechanic experience,14,S.Mechanic
aircraft mechanic b1,14,S.Mechanic
chief mechanic manager,14,S.Mechanic
car technician mechanic,14,S.Mechanic
refrigeration mechanic,15,L.Mehanic
bicycle mechanic,15,L.Mehanic
installation mechanic,15,L.Mehanic
reefer mechanic,15,L.Mehanic
mechanic installation,15,L.Mehanic
stock mechanic,15,L.Mehanic
forklift mechanic,15,L.Mehanic
lift mechanic,15,L.Mehanic
crane mechanic,15,L.Mehanic
duct mechanic,15,L.Mehanic
bathroom mechanic,15,L.Mehanic
frame mechanic,15,L.Mehanic
stek mechanic,15,L.Mehanic
gas mechanic,15,L.Mehanic
cranes mechanic,15,L.Mehanic
ventilation mechanic,15,L.Mehanic
repair mechanic,15,L.Mehanic
elevator mechanic,15,L.Mehanic
agricultural mechanization,15,L.Mehanic
porsche mechanic,15,L.Mehanic
nautical mechanic,15,L.Mehanic
equipment mechanic,15,L.Mehanic
mechanic assembly,15,L.Mehanic
mechanic cranes,15,L.Mehanic
mechanic electrical,15,L.Mehanic
mechanic electrotechnical,15,L.Mehanic
mechanic frames,15,L.Mehanic
mechanic hoisting,15,L.Mehanic
finishing mechanic allround,15,L.Mehanic
installation mechanical,16,Mechanic
mechanic manager,16,Mechanic
chief mechanic manager,16,Mechanic
maintenance mechanic,16,Mechanic
technical maintenance,16,Mechanic
cars maintenance,16,Mechanic
maintenance experience,16,Mechanic
maintenance mechanical,16,Mechanic
maintenance mechanizations,16,Mechanic
maintenance technicians,16,Mechanic
stock maintenance mechanic,16,Mechanic
maintenance mechanic at,16,Mechanic
equipment maintenance mechanic,16,Mechanic
maintenance mechanic,16,Mechanic
service mechanic,16,Mechanic
assistant mechanic,16,Mechanic
experienced mechanic,16,Mechanic
independent mechanic,16,Mechanic
technician mechanic,16,Mechanic
working mechanic,16,Mechanic
mechanic experience,16,Mechanic
full mechanic,16,Mechanic
diploma mechanical,16,Mechanic
experience mechanic,16,Mechanic
experience mechanics,16,Mechanic
guiding mechanics,16,Mechanic
installation mechanical,16,Mechanic
knowledge mechanical,16,Mechanic
leading mechanical,16,Mechanic
mechanic international,16,Mechanic
mechanic knowledge,16,Mechanic
mechanic let,16,Mechanic
mechanic manager,16,Mechanic
mechanic market,16,Mechanic
mechanic mbo,16,Mechanic
mechanic service,16,Mechanic
mechanic work,16,Mechanic
mechanic works,16,Mechanic
maintenance mechanic at,16,Mechanic
equipment maintenance mechanic,16,Mechanic
service mechanic hoisting,16,Mechanic
corporal mechanic electrotechnical,16,Mechanic
car mechanic commercial,16,Mechanic
hbo diploma mechanical,16,Mechanic
technology service mechanic,16,Mechanic
engineering mechanic mechatronics,16,Mechanic
hbo diploma mechanical,16,Mechanic
installation mechanic,16,Mechanic
mechanic installation,16,Mechanic
installation technology mechatronics,16,Mechanic
allround plumber,17,Maintainance worker
experienced plumber,17,Maintainance worker
leading plumber,17,Maintainance worker
plumber installation,17,Maintainance worker
technician plumber,17,Maintainance worker
installation technician plumber,17,Maintainance worker
technician plumber installation,17,Maintainance worker
motivated plumber apprentice,17,Maintainance worker
maintenance manager,17,Maintainance worker
fleet management systems,17,Maintainance worker
maintenance management system,17,Maintainance worker
preventive maintenance,17,Maintainance worker
maintenance carpenter,17,Maintainance worker
installation maintenance,17,Maintainance worker
daily maintenance,17,Maintainance worker
electrical maintenance,17,Maintainance worker
small maintenance,17,Maintainance worker
repair maintenance,17,Maintainance worker
roof maintenance,17,Maintainance worker
mechanical maintenance,17,Maintainance worker
equipment maintenance,17,Maintainance worker
technician maintenance,17,Maintainance worker
ventilation maintenance,17,Maintainance worker
sewage maintenance,17,Maintainance worker
boiler maintenance,17,Maintainance worker
maintenance overhaul,17,Maintainance worker
maintenance repairs,17,Maintainance worker
maintenance specialist,17,Maintainance worker
maintenance welding,17,Maintainance worker
maintenance work,17,Maintainance worker
roofing maintenance,17,Maintainance worker
perform preventive maintenance,17,Maintainance worker
perform maintenance inspections,17,Maintainance worker
maintenance technician heating,17,Maintainance worker
installation maintenance inspection,17,Maintainance worker
refrigeration technician maintenance,17,Maintainance worker
knit maintenance team,17,Maintainance worker
allround carpenter,17,Maintainance worker
maintenance carpenter,17,Maintainance worker
independent carpenter,17,Maintainance worker
workshop carpenter,17,Maintainance worker
carpenter 1,17,Maintainance worker
carpenter 2,17,Maintainance worker
enthusiastic carpenter,17,Maintainance worker
experienced carpenters,17,Maintainance worker
experience carpenter 1,17,Maintainance worker
allround carpenter do,17,Maintainance worker
sprinkler installation,17,Maintainance worker
electrical installation,17,Maintainance worker
real installation,17,Maintainance worker
draftsman installation,17,Maintainance worker
panel installation,17,Maintainance worker
vve installation,17,Maintainance worker
sewerage installation,17,Maintainance worker
spa installation,17,Maintainance worker
advising installing,17,Maintainance worker
assistant installation,17,Maintainance worker
assistant installer,17,Maintainance worker
engineer installing,17,Maintainance worker
experienced installation,17,Maintainance worker
fitter installation,17,Maintainance worker
installation overhaul,17,Maintainance worker
installation training,17,Maintainance worker
maintenance installation,17,Maintainance worker
maintenance installing,17,Maintainance worker
manufacture installation,17,Maintainance worker
performing installation,17,Maintainance worker
planning installation,17,Maintainance worker
plumber installation,17,Maintainance worker
round installation specialist,17,Maintainance worker
installation technology electrical,17,Maintainance worker
panel installation works,17,Maintainance worker
installation technician plumber,17,Maintainance worker
technician plumber installation,17,Maintainance worker
plan installation requirements,17,Maintainance worker
electrical installation activities,17,Maintainance worker
pipe fitter installation,17,Maintainance worker
maintenance technician,18,Technician
corrective maintenance,18,Technician
line maintenance,18,Technician
field maintenance,18,Technician
experience maintenance,18,Technician
technology maintenance,18,Technician
technical maintenance specialist,18,Technician
service maintenance technician,18,Technician
technical maintenance work,18,Technician
common maintenance assembly,18,Technician
completed technical hbo,18,Technician
service technician,18,Technician
installation technician,18,Technician
maintenance technician,18,Technician
experienced technician,18,Technician
car technician,18,Technician
vehicle technician,18,Technician
refrigeration technician,18,Technician
technician assistant,18,Technician
technician mechanic,18,Technician
telecom technician,18,Technician
metal technician,18,Technician
repair technician,18,Technician
technician diploma,18,Technician
stek technician,18,Technician
assembly technician,18,Technician
construction technician,18,Technician
mechanical technician,18,Technician
installations technician,18,Technician
technician installation,18,Technician
technician maintenance,18,Technician
lead technician,18,Technician
avionics technician,18,Technician
audiovisual technician,18,Technician
outdoor technician,18,Technician
malfunction technician,18,Technician
operational technician,18,Technician
auxiliary technician,18,Technician
calibration technician,18,Technician
mr technician,18,Technician
assistance technicians,18,Technician
diploma technician,18,Technician
innovative technician,18,Technician
inquisitive technician,18,Technician
inquisitive technicians,18,Technician
maintenance technicians,18,Technician
supervising technicians,18,Technician
technician instrumentation,18,Technician
technician mechanical,18,Technician
technician mechanics,18,Technician
technician plumber,18,Technician
installation technician assistant,18,Technician
heating service technician,18,Technician
experienced service technician,18,Technician
assistant installation technician,18,Technician
installation technician then,18,Technician
metal technician mechanic,18,Technician
service maintenance technician,18,Technician
insulation technician full,18,Technician
service technician w,18,Technician
installation technician w,18,Technician
apprentice service technician,18,Technician
voltage installation technician,18,Technician
round installation technician,18,Technician
refrigeration service technician,18,Technician
independent installation technician,18,Technician
maintenance technician heating,18,Technician
installation technician plumber,18,Technician
service technician installation,18,Technician
bicycle technician diploma,18,Technician
refrigeration technician maintenance,18,Technician
technician plumber installation,18,Technician
installation technician inrax,18,Technician
field service technician,18,Technician
service technician escalators,18,Technician
service technician refrigeration,18,Technician
car technician diploma,18,Technician
car technician mechanic,18,Technician
repair service technician,18,Technician
service technician heating,18,Technician
technology service technician,18,Technician
technicians project leaders,18,Technician
installation technician,18,Technician
installation technical,18,Technician
technical installation,18,Technician
installations technician,18,Technician
technician installation,18,Technician
installation technician then,18,Technician
voltage installation technician,18,Technician
round installation technician,18,Technician
service technician installation,18,Technician
installation technician inrax,18,Technician
installation assistance,19,Installation
installation expert,19,Installation
installation inspecting,19,Installation
installation manager,19,Installation
installation maratec,19,Installation
installation specialist,19,Installation
installation specialists,19,Installation
installation support,19,Installation
installation videos,19,Installation
installation work,19,Installation
installation works,19,Installation
installation technician assistant,19,Installation
assistant installation technician,19,Installation
scm installation recognition,19,Installation
within installation technology,19,Installation
installation technology at,19,Installation
installation technician w,19,Installation
installation technology driving,19,Installation
real installation specialists,19,Installation
installations carrying out,19,Installation
independent installation technician,19,Installation
sized installation companies,19,Installation
installation maintenance inspection,19,Installation
education installation technology,19,Installation
mbo education installation,19,Installation
construction fitter,20,Construction
construction technician,20,Construction
construction knowledge,20,Construction
construction installation,20,Construction
concrete construction,20,Construction
converting construction,20,Construction
excellent construction,20,Construction
executing construction,20,Construction
fitter construction,20,Construction
international construction,20,Construction
multidisciplinary construction,20,Construction
technical construction,20,Construction
machine fitter construction,20,Construction
engineering technical construction,20,Construction
construction installation technology,20,Construction
construction college education,20,Construction
construction installation,20,Construction
construction installation technology,20,Construction
software developer,21,Software
software engineer,21,Software
software consultant,21,Software
software intelligence,21,Software
analysis software,21,Software
develop software,21,Software
management software,21,Software
planning software,21,Software
information analysis software,21,Software
cam programming,22,Programming
cam programmer,22,Programming
programming language,22,Programming
programming knowledge,22,Programming
modern programming,22,Programming
plc programmer,22,Programming
polyglot programmer,22,Programming
extreme programming,22,Programming
c programming,22,Programming
plc programming,22,Programming
maintenance programming,22,Programming
programming Â·,22,Programming
modern programming language,22,Programming
c programming Â·,22,Programming
it management,23,IT
api management,23,IT
access management,23,IT
information management,23,IT
management software,23,IT
configuration management platforms,23,IT
vb management sql,23,IT
it administrator,23,IT
digital care,23,IT
technology care,23,IT
healthcare technology solutions,23,IT
healthcare technology required,23,IT
healthcare technology applications,23,IT
digital care innovation,23,IT
healthcare technology,23,IT
healthcare technology solutions,23,IT
healthcare technology required,23,IT
healthcare technology applications,23,IT
platform engineer,23,IT
hardware engineer,23,IT
software engineer,23,IT
cloud engineer,23,IT
linux engineer,23,IT
saas engineer,23,IT
it management,23,IT
it experience,23,IT
it knowledge,23,IT
it administrator,23,IT
installation technology,23,IT
installation maintenance,23,IT
online installation,23,IT
management sql,24,ICT
completed technical mbo,24,ICT
mbo diploma technology,24,ICT
communication ict,24,ICT
informatics ict,24,ICT
leader ict,24,ICT
business informatics ict,24,ICT
team leader ict,24,ICT
ict service,24,ICT
ict knowledge,24,ICT
ict education,24,ICT
ict service offer,24,ICT
computer science,25,Computer Literacy
computer knowledge,25,Computer Literacy
computer diagnostic,25,Computer Literacy
computer literacy,25,Computer Literacy
computer technology,25,Computer Literacy
science computer,25,Computer Literacy
computer science fundamentals,25,Computer Literacy
technical informatics,25,Computer Literacy
manager informatics,25,Computer Literacy
business informatics,25,Computer Literacy
informatics business,25,Computer Literacy
informatics electronics,25,Computer Literacy
informatics ict,25,Computer Literacy
business informatics ict,25,Computer Literacy
hbo chemistry,26,Chemistry
organic chemistry,26,Chemistry
medicinal chemistry,26,Chemistry
chemistry experience,26,Chemistry
hbo chemistry,26,Chemistry
science chemistry,26,Chemistry
medicinal chemistry team,26,Chemistry
organic chemistry experience,26,Chemistry
organic chemistry techniques,26,Chemistry
cva care,27,Cardiology
cardiology nurse,27,Cardiology
nursing leadership,28,Care/Nurse
care management,28,Care/Nurse
administering eye,28,Care/Nurse
administering medicines,28,Care/Nurse
administering vitamin,28,Care/Nurse
providing care,28,Care/Nurse
intensive care,28,Care/Nurse
primary care,28,Care/Nurse
youth care,28,Care/Nurse
patient care,28,Care/Nurse
acute care,28,Care/Nurse
informal caregiver,28,Care/Nurse
physical care,28,Care/Nurse
regular care,28,Care/Nurse
nurse care,28,Care/Nurse
terminal care,28,Care/Nurse
stimulating care,28,Care/Nurse
birth care,28,Care/Nurse
convalescence care,28,Care/Nurse
diploma care,28,Care/Nurse
diploma caregiver,28,Care/Nurse
disabled care,28,Care/Nurse
experienced caregiver,28,Care/Nurse
experienced carer,28,Care/Nurse
supportive care,28,Care/Nurse
training caregiver ig,28,Care/Nurse
regular patient care,28,Care/Nurse
health care provider,28,Care/Nurse
primary care department,28,Care/Nurse
nursing patient care,28,Care/Nurse
heemstede disabled care,28,Care/Nurse
stoma care catheterisation,28,Care/Nurse
home care expertise,28,Care/Nurse
experienced caregiver nurse,28,Care/Nurse
specialized caregiver nurse,28,Care/Nurse
mbo diploma care,28,Care/Nurse
care nurse,28,Care/Nurse
care coordinator,28,Care/Nurse
care management,28,Care/Nurse
care enthusiast,28,Care/Nurse
care diploma,28,Care/Nurse
care guidance,28,Care/Nurse
care knowledge,28,Care/Nurse
care medical,28,Care/Nurse
care professional,28,Care/Nurse
care professionals,28,Care/Nurse
care providers,28,Care/Nurse
care requirement,28,Care/Nurse
care supervising,28,Care/Nurse
primary care innovation,28,Care/Nurse
health care provider,28,Care/Nurse
primary care department,28,Care/Nurse
stoma care catheterisation,28,Care/Nurse
home care expertise,28,Care/Nurse
nursing care,28,Care/Nurse
psychiatric nurse,28,Care/Nurse
care nurse,28,Care/Nurse
dialysis nurse,28,Care/Nurse
nursing diploma,28,Care/Nurse
nursing care,28,Care/Nurse
team nurse,28,Care/Nurse
mbo nurse,28,Care/Nurse
nursing education,28,Care/Nurse
independent nurse,28,Care/Nurse
caregiver nurse,28,Care/Nurse
nursing coordinator,28,Care/Nurse
coordinating nurse,28,Care/Nurse
nurse diploma,28,Care/Nurse
nurse care,28,Care/Nurse
qualified nurse,28,Care/Nurse
specialist nurse,28,Care/Nurse
ccu nurse,28,Care/Nurse
certified nurse,28,Care/Nurse
nursing leadership,28,Care/Nurse
nurse coordinator,28,Care/Nurse
ambitious nurses,28,Care/Nurse
diploma nursing,28,Care/Nurse
experienced nurse,28,Care/Nurse
expert nurses,28,Care/Nurse
nurse level,28,Care/Nurse
nurse practitioner,28,Care/Nurse
nurse senior,28,Care/Nurse
nurse specialist,28,Care/Nurse
nurse supervisor,28,Care/Nurse
psychiatric nurses,28,Care/Nurse
psychiatric nursing,28,Care/Nurse
qualified nurses,28,Care/Nurse
technical nursing,28,Care/Nurse
perform technical nursing,28,Care/Nurse
nurse level 4,28,Care/Nurse
nursing level 4,28,Care/Nurse
social psychiatric nurses,28,Care/Nurse
performing technical nursing,28,Care/Nurse
health nurse specialist,28,Care/Nurse
hbo psychiatric nurse,28,Care/Nurse
feijenoordâ€ psychiatric nurse,28,Care/Nurse
nursing practical experience,28,Care/Nurse
nurse level 6,28,Care/Nurse
all technical nursing,28,Care/Nurse
hbo qualified nurse,28,Care/Nurse
nursing patient care,28,Care/Nurse
dementia technical nursing,28,Care/Nurse
hbo nurse senior,28,Care/Nurse
complex technical nursing,28,Care/Nurse
experienced caregiver nurse,28,Care/Nurse
specialized caregiver nurse,28,Care/Nurse
nursing customer advisors,28,Care/Nurse
maternity nurse diploma,28,Care/Nurse
social psychiatric nursing,28,Care/Nurse
social psychiatric nurses,28,Care/Nurse
hbo psychiatric nurse,28,Care/Nurse
feijenoordâ€ psychiatric nurse,28,Care/Nurse
social psychiatric nursing,28,Care/Nurse
mbo nurse,28,Care/Nurse
mbo care ig,28,Care/Nurse
hbo psychiatric nurse,28,Care/Nurse
hbo qualified nurse,28,Care/Nurse
hbo nurse senior,28,Care/Nurse
oral care,29,Dental
dental care,29,Dental
teeth care,29,Dental
gp care,30,GP
practitioner care,30,GP
healthcare consultant,30,GP
healthcare provider,30,GP
advising healthcare,30,GP
elderly care,31,Geriatrics
day care,31,Geriatrics
dementia care,31,Geriatrics
geriatric care,31,Geriatrics
psychogeriatric care,31,Geriatrics
geriatric care psychogeriatrie,31,Geriatrics
geriatric care psychogeriatrie,31,Geriatrics
geriatric psychiatry,31,Geriatrics
geriatric psychiatry training,31,Geriatrics
maternity care,32,Gynecology
maternity care certificate,32,Gynecology
maternity care certificate,32,Gynecology
medical care,33,Medical care
mbo care ig,33,Medical care
beauty care,34,Cosmetology
skin care,34,Cosmetology
care oncology,35,Oncology
radioligand therapy,35,Oncology
hearing care professional,36,Otorhinolaryngology
hearing care professional,36,Otorhinolaryngology
child care,37,Pediatrics
care youth,37,Pediatrics
childcare i,37,Pediatrics
pediatric physiotherapy,37,Pediatrics
pediatric physiotherapy,37,Pediatrics
pediatric physiotherapist,37,Pediatrics
therapy pediatric,37,Pediatrics
experienced physiotherapist,38,Physiotherapy
passionate physiotherapist,38,Physiotherapy
pediatric physiotherapist,38,Physiotherapy
profile physiotherapist,38,Physiotherapy
line physiotherapy,38,Physiotherapy
sports physiotherapy,38,Physiotherapy
physiotherapist dietician,38,Physiotherapy
physiotherapy practice,38,Physiotherapy
exercise therapy,38,Physiotherapy
experienced physiotherapist,38,Physiotherapy
passionate physiotherapist,38,Physiotherapy
profile physiotherapist,38,Physiotherapy
line physiotherapy,38,Physiotherapy
sports physiotherapy,38,Physiotherapy
physiotherapist dietician,38,Physiotherapy
physiotherapy practice,38,Physiotherapy
psychotherapeutic treatments,38,Physiotherapy
psychotherapy training,38,Physiotherapy
psychotherapists mental health,38,Physiotherapy
psychological care,39,Psychology/Psychiatrics
somatic care,39,Psychology/Psychiatrics
addiction care,39,Psychology/Psychiatrics
psychiatric care,39,Psychology/Psychiatrics
rehabilitation care,39,Psychology/Psychiatrics
mental care,39,Psychology/Psychiatrics
somatic care requirement,39,Psychology/Psychiatrics
support psychiatric care,39,Psychology/Psychiatrics
somatic care demand,39,Psychology/Psychiatrics
care psychogeriatrics,39,Psychology/Psychiatrics
care psychogeriatrie,39,Psychology/Psychiatrics
somatic care requirement,39,Psychology/Psychiatrics
somatic care demand,39,Psychology/Psychiatrics
psychiatric nurse,39,Psychology/Psychiatrics
doctor psychiatrist,39,Psychology/Psychiatrics
social psychiatry,39,Psychology/Psychiatrics
personal psychiatry,39,Psychology/Psychiatrics
psychiatric care,39,Psychology/Psychiatrics
psychiatric diagnostics,39,Psychology/Psychiatrics
chronic psychiatry,39,Psychology/Psychiatrics
acute psychiatry,39,Psychology/Psychiatrics
adolescent psychiatry,39,Psychology/Psychiatrics
addiction psychiatry,39,Psychology/Psychiatrics
psychiatric nurses,39,Psychology/Psychiatrics
psychiatric nursing,39,Psychology/Psychiatrics
psychiatric psychosocial,39,Psychology/Psychiatrics
psychiatrist monitoring,39,Psychology/Psychiatrics
psychiatry division,39,Psychology/Psychiatrics
psychiatry knowledge,39,Psychology/Psychiatrics
psychiatry recovery,39,Psychology/Psychiatrics
psychiatry training,39,Psychology/Psychiatrics
psychological psychiatric,39,Psychology/Psychiatrics
social psychiatric,39,Psychology/Psychiatrics
support psychiatric,39,Psychology/Psychiatrics
personal psychiatry recovery,39,Psychology/Psychiatrics
recovery support psychiatric,39,Psychology/Psychiatrics
support psychiatric care,39,Psychology/Psychiatrics
psychological care,39,Psychology/Psychiatrics
developmental psychology,39,Psychology/Psychiatrics
developmental psychological,39,Psychology/Psychiatrics
experienced psychologists,39,Psychology/Psychiatrics
psychological complaints,39,Psychology/Psychiatrics
psychological counseling,39,Psychology/Psychiatrics
psychological perspective,39,Psychology/Psychiatrics
psychological problems,39,Psychology/Psychiatrics
psychological psychiatric,39,Psychology/Psychiatrics
psychological research,39,Psychology/Psychiatrics
psychological somatic,39,Psychology/Psychiatrics
psychological treatments,39,Psychology/Psychiatrics
psychology pedagogy,39,Psychology/Psychiatrics
perform psychological treatments,39,Psychology/Psychiatrics
changing psychological counseling,39,Psychology/Psychiatrics
developmental psychological perspective,39,Psychology/Psychiatrics
specialist mental healthcare,39,Psychology/Psychiatrics
experienced psychologists,39,Psychology/Psychiatrics
amputation care,40,Surgeon/Orthopedic
experienced therapist,41,Therapy
remedial therapist,41,Therapy
music therapist,42,Music Therapy
music therapy,42,Music Therapy
music therapy skills,42,Music Therapy
hbo music therapy,42,Music Therapy
hbo music therapy,42,Music Therapy
palliative care,43,NTH
initiative care,43,NTH
palliative care wound,43,NTH
pdl palliative care,43,NTH
care palliative care,43,NTH
do palliative care,43,NTH
wound care palliative,43,NTH
palliative care putting,43,NTH
care palliative,43,NTH
palliative care wound,43,NTH
care palliative care,43,NTH
wound care palliative,43,NTH
palliative care putting,43,NTH
occupational therapist,43,NTH
occupational therapy,43,NTH
occupational therapy insight,43,NTH
cooking diploma,44,Cooking
cooking education,44,Cooking
completed cooking education,44,Cooking
will deliver,45,Delivery
delivery service,45,Delivery
boat delivery,45,Delivery
consistently delivering,45,Delivery
deliver bathrooms,45,Delivery
deliver bootcamps,45,Delivery
truck driver,46,Driver
delivery driver,46,Driver
stable driver,46,Driver
forklift driver,46,Driver
predictable driver,46,Driver
driver courier,46,Driver
driver card,46,Driver
driver crane,46,Driver
driver delivery,46,Driver
driver drive,46,Driver
driver license,46,Driver
enthusiastic driver,46,Driver
experience driver,46,Driver
experience drivers,46,Driver
talented drivers,46,Driver
vol driver license,46,Driver
forklift driver license,46,Driver
b driver license,46,Driver
substances driver license,46,Driver
delivery driver,46,Driver
driver delivery,46,Driver
mbo language,47,Foreign Language
mbo language dutch,47,Foreign Language
mbo language german,47,Foreign Language
mbo language english,47,Foreign Language
hbo language,47,Foreign Language
hbo language dutch,47,Foreign Language
hbo language english,47,Foreign Language
completed education hbo,47,Foreign Language
dutch language hbo,47,Foreign Language
hbo language german,47,Foreign Language
hbo language netherlands,47,Foreign Language
english language,47,Foreign Language
english excellent,47,Foreign Language
english proficiency,47,Foreign Language
language english,47,Foreign Language
english language spoken,47,Foreign Language
hbo language english,47,Foreign Language
b language english,47,Foreign Language
mbo language english,47,Foreign Language
english language competences,47,Foreign Language
dutch language english,47,Foreign Language
english language possession,47,Foreign Language
french language,47,Foreign Language
good french,47,Foreign Language
fluent french,47,Foreign Language
french dutch,47,Foreign Language
french german,47,Foreign Language
french language spoken,47,Foreign Language
french language mastery,47,Foreign Language
german french dutch,47,Foreign Language
german language,47,Foreign Language
french german,47,Foreign Language
language german,47,Foreign Language
mbo language german,47,Foreign Language
nijmegen language german,47,Foreign Language
hbo language german,47,Foreign Language
german french dutch,47,Foreign Language
german language spoken,47,Foreign Language
available language german,47,Foreign Language
dutch communication skills,47,Foreign Language
management training,48,Teaching
trainee project manager,48,Teaching
healthcare education,48,Teaching
mbo pedagogical,48,Teaching
it education,48,Teaching
it education teaching,48,Teaching
pedagogical diploma,48,Teaching
mbo pedagogical,48,Teaching
pedagogical employee,48,Teaching
qualified pedagogical,48,Teaching
leader pedagogical coach,48,Teaching
mbo pedagogical work,48,Teaching
teaching assistant,48,Teaching
degree teaching,48,Teaching
can teach,48,Teaching
enjoy teaching,48,Teaching
online teaching,48,Teaching
pabo teaching,48,Teaching
biology teacher,48,Teaching
mathematics teacher,48,Teaching
qualified teacher,48,Teaching
teaching experience,48,Teaching
teaching skills,48,Teaching
teaching assistant diploma,48,Teaching
pabo qualified teacher,48,Teaching
it education teaching,48,Teaching
flexible teaching assistant,48,Teaching
mbo pedagogical work,48,Teaching
management housing,49,Housing